date,ticker,open,high,low,close,volume,source,iv_atm_30d,hv_21d,hv_30d,hv_60d,treasury_10y_yield
2026-09-18,SPY,761.31,762.0,757.971,761.69,65395148,polygon,,0.0667580422847916,0.06907214917498512,0.061340006650927495,
2026-09-17,SPY,763.15,763.57,759.96,762.6,49652754,polygon,,0.0770239334948006,0.07188141838578346,0.061375075263575316,4.94
2026-09-16,SPY,759.5,761.67,749.6,754.05,59217653,polygon,,0.06724726726740002,0.06323096050482946,0.05666312321572658,5.01
2026-09-15,SPY,760.117,760.35,756.15,757.39,46194964,polygon,,0.06957724492668844,0.06299935457641191,0.06728679215709514,5.0
2026-09-14,SPY,759.0,763.52,757.93,760.88,43992428,polygon,,0.06863289474086418,0.06218825012319664,0.07257766220299232,4.97
2026-09-11,SPY,764.72,766.38,763.6,764.29,45512741,polygon,,0.06745288720376665,0.06203796679496501,0.07322445177954383,4.96
2026-09-10,SPY,758.03,760.11,756.64,757.83,42740375,polygon,,0.06447057232172419,0.061479083700790256,0.07871062997398483,4.95
2026-09-09,SPY,764.08,764.47,760.94,762.4,32812411,polygon,,0.061313136310605115,0.05961362167381471,0.08433996329828546,4.83
2026-09-08,SPY,769.07,769.7,765.14,765.96,44746095,polygon,,0.06017003319931161,0.061278743653623534,0.0837416506561969,4.8
2026-09-04,SPY,772.01,772.87,769.0,770.19,34054199,polygon,,0.05773575569597855,0.06074826904145756,0.0827761152765003,4.78
2026-09-03,SPY,767.9,774.03,767.45,773.17,43531581,polygon,,0.05711566574141272,0.06002107056371394,0.0822321721901624,4.77
2026-09-02,SPY,762.45,766.43,761.73,765.16,29566216,polygon,,0.0537629096647583,0.05535883496858792,0.08409453602927153,4.79
2026-09-01,SPY,762.01,764.67,759.48,761.78,41126315,polygon,,0.051781698289446884,0.054193662518333775,0.08372821418065993,4.79
2026-08-31,SPY,767.33,767.995,764.715,767.05,38810779,polygon,,0.05159913607641456,0.05131769859378157,0.08394627542200375,4.75
2026-08-28,SPY,771.76,775.3,768.3076,769.35,36744344,polygon,,0.053059682099914185,0.05065969993057146,0.08374493145631788,4.73
2026-08-27,SPY,768.5,772.355,767.16,771.1,34557064,polygon,,0.052942119722317965,0.05337443691100755,0.08629705363379643,4.67
2026-08-26,SPY,764.73,767.35,763.93,766.08,28751592,polygon,,0.05365490452218895,0.04996742247200371,0.08617713669736463,4.66
2026-08-25,SPY,766.16,766.78,763.0501,765.91,27422263,polygon,,0.05455960931991825,0.0502332634373113,0.08651159066719188,4.64
2026-08-24,SPY,764.78,765.22,762.08,763.47,32430886,polygon,,0.05391275947657797,0.07215874972661038,0.08656489448794968,4.7
2026-08-21,SPY,766.05,767.85,764.17,765.72,39188673,polygon,,0.053234304549699366,0.08191243099931254,0.08786325803263947,4.74
2026-08-20,SPY,765.96,768.15,762.04,762.6,45520302,polygon,,0.05579814112143926,0.0834565263529753,0.08790514831672545,4.69
2026-08-19,SPY,770.36,772.47,768.1,769.06,40306023,polygon,,0.04780087264875312,0.09035129596701523,0.08759064183441254,4.65
2026-08-18,SPY,768.7,769.5,766.92,767.45,43920908,polygon,,0.047594063623801024,0.10326731859685209,0.08783750409623199,4.71
2026-08-17,SPY,776.18,776.775,772.51,772.67,34356577,polygon,,0.07412007725949293,0.10051300648364563,0.08722557397474129,4.72
2026-08-14,SPY,778.54,778.8,775.4301,776.34,31367913,polygon,,0.08410088037928759,0.09886103088932809,0.08813852862658791,4.68
2026-08-13,SPY,774.87,779.37,774.111,777.88,35634483,polygon,,0.0848458680357406,0.09828522390174523,0.0880627096082245,4.63
2026-08-12,SPY,774.71,774.9,771.28,772.49,33179126,polygon,,0.09728184650095616,0.10517110450049923,0.08718556681502447,4.68
2026-08-11,SPY,774.53,774.61,769.2,770.56,36740555,polygon,,0.11601229702600672,0.10528308115013219,0.08834178417087371,4.7
2026-08-10,SPY,772.6,775.05,771.62,773.03,39249478,polygon,,0.11453975999909287,0.10658885759624355,0.09362151674558056,4.72
2026-08-07,SPY,771.02,773.915,769.61,773.26,43586333,polygon,,0.11441582449959567,0.10683535078393307,0.09510134827606856,4.65
2026-08-06,SPY,770.21,771.82,767.46,768.56,38416896,polygon,,0.11356514171231867,0.11064951672965766,0.09448344242895232,4.69
2026-08-05,SPY,775.85,776.85,769.51,769.79,44689081,polygon,,0.12354779120850319,0.11191751267612596,0.09438971922309576,4.63
2026-08-04,SPY,760.63,773.41,760.52,771.33,69154788,polygon,,0.12329149885039802,0.11202118300651749,0.09940642147563912,4.63
2026-08-03,SPY,749.44,758.58,748.8,757.67,59927538,polygon,,0.11108806718545504,0.10018251702064183,0.09292639049515361,4.7
2026-07-31,SPY,744.68,748.895,737.68,747.03,62445899,polygon,,0.10048480817254375,0.09389584777322375,0.08971736816402297,4.75
2026-07-30,SPY,736.05,742.45,734.59,741.69,66811268,polygon,,0.10306561026296523,0.09224968538768127,0.09219036949221061,4.68
2026-07-29,SPY,739.97,742.68,729.1,729.46,70697215,polygon,,0.08305934248031853,0.08149860672088248,0.08600781283972635,4.67
2026-07-28,SPY,739.19,742.7901,735.98,740.86,47322247,polygon,,0.06809305773414648,0.06889425311058152,0.08808209140340963,4.61
2026-07-27,SPY,744.91,745.53,735.87,739.09,41461194,polygon,,0.06886497100950292,0.0695763901965822,0.08864618247818362,4.65
2026-07-24,SPY,738.51,743.72,737.29,738.93,44781983,polygon,,0.0729392675165008,0.07453931220402575,0.09511694902404902,4.69
2026-07-23,SPY,739.37,742.56,735.21,738.18,55437332,polygon,,0.07495531662336709,0.07449801479873154,0.10072468123145853,4.71
2026-07-22,SPY,746.62,750.02,746.37,747.41,32836200,polygon,,0.06900470841397503,0.0652235870937787,0.09754170885694452,4.67
2026-07-21,SPY,746.29,749.04,744.18,748.28,34324262,polygon,,0.06977990052454407,0.06883092598313952,0.09759223709057377,4.63
2026-07-20,SPY,747.06,748.73,741.5103,742.09,50422324,polygon,,0.06476994782177646,0.07996357903047739,0.1101644806674245,4.6
2026-07-17,SPY,742.08,747.29,740.8,743.29,62650961,polygon,,0.07212585990630832,0.0829348832280938,0.11044953581337423,4.55
2026-07-16,SPY,752.76,754.57,747.88,750.72,46409814,polygon,,0.06287623787060115,0.0769334595630666,0.10951615431219447,4.57
2026-07-15,SPY,754.24,755.58,750.2,754.81,43844769,polygon,,0.05968329236549373,0.07476038708249977,0.10901197687996153,4.55
2026-07-14,SPY,750.91,753.34,748.66,751.83,35143138,polygon,,0.06376122074176016,0.0867165085718302,0.1088456865379218,4.58
2026-07-13,SPY,752.47,753.9105,748.0,749.17,44013628,polygon,,0.08336999595990324,0.08673243281499805,0.10871599377336978,4.62
2026-07-10,SPY,752.05,755.42,748.1,754.95,42191313,polygon,,0.08280005002133212,0.086230058012534,0.10815418070635102,4.56
2026-07-09,SPY,747.35,751.97,745.59,751.71,41441718,polygon,,0.08209284269839326,0.0935279846170258,0.10779991670846774,4.54
2026-07-08,SPY,743.16,746.15,739.51,745.4,43767393,polygon,,0.07787580363407465,0.09162912930542774,0.10725885305977544,4.56
2026-07-07,SPY,750.22,750.96,745.21,747.71,43721494,polygon,,0.0937107827987633,0.10485774374511868,0.10735987933356268,4.55
2026-07-06,SPY,748.74,752.41,747.41,751.28,50673310,polygon,,0.0927947062987095,0.1047560077465755,0.10694080090308276,4.48
2026-07-02,SPY,747.4,751.31,740.03,744.78,57505953,polygon,,0.09179550077837,0.11260922518361821,0.10749361803405037,4.49
2026-07-01,SPY,745.0,749.435,742.375,745.76,47100878,polygon,,0.10192076036757948,0.12255995788093955,0.1083864930568045,4.48
2026-06-30,SPY,741.29,748.02,740.89,746.77,55626035,polygon,,0.10377140989045704,0.12284215983776192,0.1083559296416994,4.44
2026-06-29,SPY,736.525,741.56,732.09,741.0,58035228,polygon,,0.11802129779917042,0.12097699690157096,0.11004753603544042,4.38
2026-06-26,SPY,728.945,736.53,716.58,728.99,71033969,polygon,,0.10414412335004246,0.13359828496861295,0.10591195003393625,4.38
2026-06-25,SPY,738.91,739.37,729.6,734.3,54128065,polygon,,0.11729712073609407,0.13311955097521064,0.10557783202088851,4.4
2026-06-24,SPY,735.17,739.945,730.84,733.24,57439507,polygon,,0.13033297201799415,0.13409324788205065,0.10556863812100388,4.41
2026-06-23,SPY,733.81,739.63,732.3,733.58,66846780,polygon,,0.13066672889988265,0.13428097276182668,0.10568160137202938,4.5
2026-06-22,SPY,747.7,750.18,743.13,744.39,46628074,polygon,,0.12010838951093226,0.12839477328012888,0.10258681655920356,4.51
2026-06-18,SPY,747.76,748.23,743.86,746.74,80875657,polygon,,0.15117308241491598,0.12843720901213,0.1025753224733976,4.46
2026-06-17,SPY,751.29,752.15,739.22,740.96,85945227,polygon,,0.14898354662991817,0.1273545710505832,0.10516690524726648,4.49
2026-06-16,SPY,754.55,755.44,749.88,750.33,67093142,polygon,,0.14467416919672474,0.12204174450137971,0.10275939378751058,4.43
2026-06-15,SPY,751.85,756.68,751.76,754.83,60176425,polygon,,0.1434530436187728,0.1221495153460838,0.10222258337180369,4.47
2026-06-12,SPY,740.71,744.44,735.03,741.75,57079533,polygon,,0.1288577270914459,0.11154389996101262,0.0962220123361466,4.48
2026-06-11,SPY,728.76,740.0,724.405,737.76,86330522,polygon,,0.1274446832866155,0.11053231958316126,0.09762860279109944,4.45
2026-06-10,SPY,733.39,738.38,725.33,725.43,60341349,polygon,,0.11251485825214216,0.1030607167496258,0.09157011200081104,4.55
2026-06-09,SPY,743.63,746.9,722.59,737.05,87683517,polygon,,0.09984835782882791,0.09408167923432852,0.08584577394935798,4.53
2026-06-08,SPY,743.36,745.34,738.19,739.22,49319144,polygon,,0.10279293756628988,0.09371192395794128,0.08557857657981993,4.56
2026-06-05,SPY,752.31,752.82,735.525,737.55,93989416,polygon,,0.10349645569614177,0.09975474361747026,0.0867594655287702,4.55
2026-06-04,SPY,752.1,758.31,751.47,757.09,49923036,polygon,,0.04366908521776386,0.06703377934492115,0.06714601416383985,4.47
2026-06-03,SPY,758.15,758.8,753.57,754.24,51402518,polygon,,0.053385885172526425,0.06796191290400921,0.06944427970544415,4.49
2026-06-02,SPY,757.03,760.4,756.75,759.57,31581852,polygon,,0.05268832991636847,0.06426625650343529,0.06921227431354604,4.46
2026-06-01,SPY,755.36,760.28,754.69,758.54,43634933,polygon,,0.053156501605098855,0.06437776233151148,0.06951198983635291,4.47
2026-05-29,SPY,755.9,758.08,754.69,756.48,55075739,polygon,,0.07004405364577367,0.06760008335411294,0.0729612368789519,4.45
2026-05-28,SPY,750.25,755.15,749.23,754.6,41562563,polygon,,0.07428760418104596,0.068532814192648,0.0729588165957988,4.45
2026-05-27,SPY,750.88,751.38,748.22,750.46,42106285,polygon,,0.0743503380560034,0.07704086836505655,0.07370174294042817,4.48
2026-05-26,SPY,750.01,752.13,748.37,750.59,41123621,polygon,,0.0747131937556836,0.07936780736237069,0.0768891481401105,4.5
2026-05-22,SPY,746.24,748.94,744.48,745.64,41762006,polygon,,0.07185608140314943,0.07918116220264462,0.07802855678886574,4.56
2026-05-21,SPY,738.64,744.87,737.03,742.72,43332225,polygon,,0.07585682942452254,0.07889743569837074,0.07799842870062279,4.57
2026-05-20,SPY,735.71,741.87,733.89,741.25,45768035,polygon,,0.0768109650177428,0.0829048598727934,0.07848487952871823,4.57
2026-05-19,SPY,734.78,737.65,731.53,733.73,54255913,polygon,,0.08330260850061905,0.07863739723731719,0.09058396119772402,4.67
2026-05-18,SPY,739.83,741.415,733.39,738.65,47843865,polygon,,0.08252965778711989,0.07726348986540726,0.08890053494480488,4.61
2026-05-15,SPY,741.79,743.46,737.96,739.17,60410771,polygon,,0.08408461720111164,0.07709737088008192,0.08891547120751084,4.59
2026-05-14,SPY,743.65,749.53,743.56,748.17,45307603,polygon,,0.06881695882471651,0.06838485470858079,0.0839663946424345,4.47
2026-05-13,SPY,738.47,743.91,735.47,742.31,44200203,polygon,,0.07135045438311294,0.06783760677891093,0.08386686895536918,4.46
2026-05-12,SPY,736.89,738.84,731.83,738.18,54185273,polygon,,0.07049932183824141,0.07138829001513892,0.09967437290910018,4.46
2026-05-11,SPY,736.45,740.79,736.45,739.3,44023951,polygon,,0.07335964160609461,0.07471461115868498,0.10006680713577365,4.42
2026-05-08,SPY,734.93,738.08,734.57,737.62,47227085,polygon,,0.07331862634073567,0.07530917944369464,0.10795054276691679,4.38
2026-05-07,SPY,735.05,736.13,729.75,731.58,51724642,polygon,,0.07276102836762868,0.07906027970080297,0.11490564647582152,4.41
2026-05-06,SPY,728.16,734.59,727.82,733.83,53288940,polygon,,0.07346399079381898,0.07796428948529872,0.11470493198893904,4.36
2026-05-05,SPY,721.77,725.04,721.4898,723.77,36933226,polygon,,0.06638528969853416,0.07149895708053718,0.11249547932066399,4.43
2026-05-04,SPY,720.07,722.12,714.99,718.01,51950558,polygon,,0.06708885714809112,0.07568568690975289,0.11319641151156745,4.45
2026-05-01,SPY,721.25,724.87,720.47,720.65,43049849,polygon,,0.065984355484596,0.07764258978774304,0.11915156806137493,4.39
2026-04-30,SPY,714.63,719.79,710.445,718.66,67240949,polygon,,0.0765612391268346,0.07796915095407864,0.1193910005339091,4.4
2026-04-29,SPY,711.0,712.2,708.37,711.58,41859227,polygon,,0.0698792468719155,0.0751211799294858,0.1221518611405651,4.42
2026-04-28,SPY,711.815,712.88,709.25,711.69,43117436,polygon,,0.07391939058937186,0.10100696429798742,0.12217416083650834,4.36
2026-04-27,SPY,713.17,715.63,712.295,715.17,33135943,polygon,,0.07962185678492524,0.0987583198190527,0.1229419958535726,4.35
2026-04-24,SPY,710.75,714.47,709.01,713.94,45181957,polygon,,0.08400581085268329,0.0988737891540435,0.1237606698477601,4.31
2026-04-23,SPY,709.5,712.3598,702.2803,708.45,56173990,polygon,,0.08226412321987774,0.09791410604604436,0.1274833449114366,4.34
2026-04-22,SPY,709.15,711.45,708.22,711.21,42518498,polygon,,0.08038891947194578,0.09691445230708462,0.12718602621680547,4.3
2026-04-21,SPY,710.28,711.275,702.64,704.08,58941384,polygon,,0.10999438342508586,0.12075465625611614,0.12579969334548075,4.3
2026-04-20,SPY,708.78,709.91,706.14,708.72,43546812,polygon,,0.10475881449845563,0.11874214110911474,0.12596921327462282,4.26
2026-04-17,SPY,706.14,712.39,705.76,710.14,70661926,polygon,,0.10290713791143617,0.1324689741935337,0.12911078945225488,4.26
2026-04-16,SPY,701.06,702.78,698.53,701.66,49972363,polygon,,0.09883622282727214,0.14326892886705234,0.12754815318036825,4.32
2026-04-15,SPY,695.26,700.28,694.2,699.94,58240384,polygon,,0.09986176803046386,0.14359842673325404,0.1282064836996479,4.29
2026-04-14,SPY,687.69,694.58,687.66,694.46,63480529,polygon,,0.13208092409036892,0.14350936707920287,0.1286683723779701,4.26
2026-04-13,SPY,677.41,686.3,676.58,686.1,54185819,polygon,,0.1316982791615502,0.14256052192911842,0.1262544171798184,4.3
2026-04-10,SPY,681.32,682.03,678.45,679.46,42253456,polygon,,0.14829680752000654,0.15076270763192975,0.12498189863482152,4.31
2026-04-09,SPY,674.84,681.16,673.77,679.91,57134445,polygon,,0.1642511195380647,0.1510240105707589,0.12545655404197528,4.29
2026-04-08,SPY,676.39,677.08,671.46,676.01,93606114,polygon,,0.16419096645439052,0.15633002501473495,0.1261204096909642,4.29
2026-04-07,SPY,656.65,659.61,651.06,659.22,69980362,polygon,,0.14077885651327404,0.13768302211905298,0.11560016890321491,4.33
2026-04-06,SPY,655.86,659.72,655.52,658.93,39105758,polygon,,0.14512322556271776,0.14107279370491843,0.11726775468405709,4.34
2026-04-02,SPY,646.42,658.2,645.11,655.83,68358713,polygon,,0.15691590075178105,0.14116079847776478,0.11787330404646883,4.31
2026-04-01,SPY,653.9,658.52,653.0,655.24,97841472,polygon,,0.1570283781525018,0.14741965321911565,0.11788976122163361,4.33
2026-03-31,SPY,638.94,651.54,637.98,650.34,152534102,polygon,,0.16097777273451863,0.1451675027960464,0.11725356452776556,4.3
2026-03-30,SPY,640.11,640.37,629.28,631.97,99275851,polygon,,0.11951001367876057,0.11396269104136417,0.100064651448806,4.35
2026-03-27,SPY,642.5,642.66,633.105,634.09,103649368,polygon,,0.12745830397555777,0.11833536363823702,0.10004866022676047,4.44
2026-03-26,SPY,652.06,654.85,644.82,645.09,96494375,polygon,,0.11595885969567848,0.11435417293304338,0.09898551069186753,4.42
2026-03-25,SPY,658.67,660.89,654.24,656.82,90653787,polygon,,0.11137728294510021,0.10428495841806121,0.0925554041021756,4.33
2026-03-24,SPY,651.32,657.03,649.88,653.18,96457478,polygon,,0.1084826121262685,0.10522311717425328,0.09164328953347083,4.39
2026-03-23,SPY,658.07,662.615,653.94,655.38,134802732,polygon,,0.10831768832882135,0.10731496626156482,0.09227525448247477,4.34
2026-03-20,SPY,656.51,656.69,644.72,648.57,163617522,polygon,,0.10603633360515112,0.10138312010510439,0.09823298037793114,4.39
2026-03-19,SPY,656.97,662.98,655.17,659.8,111272539,polygon,,0.09942966110300334,0.09097395482438829,0.09535632002270181,4.25
2026-03-18,SPY,668.36,669.72,661.19,661.43,82062576,polygon,,0.10038590792583617,0.09171443031033173,0.09567542393455856,4.26
2026-03-17,SPY,672.39,674.44,669.7,670.79,87128044,polygon,,0.0940007100255703,0.08816199244108557,0.09300061326888998,4.2
2026-03-16,SPY,668.38,672.07,667.12,669.03,82023130,polygon,,0.09727876198252304,0.09070484251741152,0.09346789858068968,4.23
2026-03-13,SPY,669.27,672.335,661.36,662.29,97200242,polygon,,0.0884704063075332,0.08887034182247852,0.0908915983083475,4.28
2026-03-12,SPY,671.16,671.65,665.87,666.06,108882246,polygon,,0.08802807302405952,0.09121840293308717,0.090355685000065,4.27
2026-03-11,SPY,677.58,680.08,673.34,676.33,68441672,polygon,,0.07438724923563353,0.08062583725896522,0.0850945246942196,4.21
2026-03-10,SPY,677.72,683.36,674.76,677.18,81505315,polygon,,0.08143700282840764,0.08214626771275949,0.08556128733774998,4.15
2026-03-09,SPY,666.39,679.92,662.39,678.27,102667711,polygon,,0.08585795930692072,0.08222329140948222,0.08624194171198682,4.12
2026-03-06,SPY,673.41,676.11,669.76,672.38,100686951,polygon,,0.08594319765936306,0.07785611511569465,0.08419784455235704,4.15
2026-03-05,SPY,682.08,685.53,675.61,681.31,106606464,polygon,,0.0788062739101833,0.0814594854855359,0.0806317688887231,4.13
2026-03-04,SPY,681.63,687.09,679.62,685.13,79182244,polygon,,0.07691307627814303,0.08002688621375845,0.08321164419463997,4.09
2026-03-03,SPY,675.06,682.61,669.66,680.33,105003113,polygon,,0.07486312888554573,0.07714532874641786,0.09224463431018262,4.06
2026-03-02,SPY,678.7,688.62,678.02,686.38,87477198,polygon,,0.06804647572410483,0.07466029313648363,0.0905072276606509,4.05
2026-02-27,SPY,683.09,686.86,681.64,685.99,83308868,polygon,,0.06805429964241728,0.09314863541084183,0.0906865010201005,3.97
2026-02-26,SPY,693.28,693.3,684.35,689.3,71670990,polygon,,0.08610157815453442,0.09942639170408814,0.09071201903872424,4.02
2026-02-25,SPY,690.18,693.68,690.1,693.15,56369479,polygon,,0.08385009492837478,0.09909030075723171,0.09008692249383125,4.05
2026-02-24,SPY,681.9,688.35,680.0,687.35,73798727,polygon,,0.07858483762876568,0.09899731590364225,0.08842202024897694,4.04
2026-02-23,SPY,687.83,690.0,680.371,682.39,90558087,polygon,,0.07599206620948985,0.09768036181792411,0.08819907280421334,4.03
2026-02-20,SPY,682.32,690.06,681.73,689.43,100033986,polygon,,0.0943642689552069,0.09352536392790783,0.08565531956052483,4.08
2026-02-19,SPY,683.84,686.18,681.5475,684.48,58649363,polygon,,0.10205869692304745,0.09094023750469693,0.08456661034247182,4.08
2026-02-18,SPY,684.02,689.15,682.83,686.29,73570341,polygon,,0.10303205109610704,0.09072528405396442,0.08532096308283423,4.09
2026-02-17,SPY,680.14,684.94,675.78,682.85,81354660,polygon,,0.10497587619838798,0.09022547735870416,0.0857922543551767,4.05
2026-02-13,SPY,681.69,686.28,677.52,681.75,96267487,polygon,,0.1065998095730369,0.09146739415261042,0.08581110619950284,4.04
2026-02-12,SPY,694.24,695.35,680.37,681.27,118828963,polygon,,0.10675018577083209,0.0914380912020481,0.08713566181409876,4.09
2026-02-11,SPY,696.39,697.14,689.18,691.96,76353872,polygon,,0.09264438022933401,0.08062707642019593,0.08103158250365974,4.18
2026-02-10,SPY,694.95,696.54,691.66,692.12,65185725,polygon,,0.09264559608403301,0.08683422622671755,0.08137790004489684,4.16
2026-02-09,SPY,689.42,695.87,688.34,693.95,73885192,polygon,,0.09331061325185099,0.10622003178311826,0.08118632779322091,4.22
2026-02-06,SPY,681.46,692.31,680.85,690.62,89127566,polygon,,0.09347746656201163,0.1053058232859283,0.08090669692778163,4.22
2026-02-05,SPY,680.94,683.69,675.79,677.62,113610812,polygon,,0.06345239808157553,0.08897580125621973,0.07131196269628717,4.21
2026-02-04,SPY,690.35,691.45,681.76,686.19,105204600,polygon,,0.05042844543591541,0.082587227040561,0.06766603146041078,4.29
2026-02-03,SPY,696.21,696.96,684.03,689.53,107904611,polygon,,0.06101207642081681,0.08164795315698786,0.06792799606901187,4.28
2026-02-02,SPY,689.58,696.93,689.425,695.41,79286458,polygon,,0.0911568106185098,0.0779699010051477,0.06697850262903958,4.29
2026-01-30,SPY,691.79,694.21,687.12,691.97,101835131,polygon,,0.08958801625822682,0.07899732195025379,0.07046887913821533,4.26
2026-01-29,SPY,696.39,697.06,684.83,694.04,97486198,polygon,,0.08938631510112209,0.0784523506882697,0.07042047140165182,4.24
2026-01-28,SPY,697.05,697.84,693.94,695.42,61172165,polygon,,0.09088275645306287,0.07883691113941836,0.0703607107148304,4.26
2026-01-27,SPY,694.18,696.53,693.57,695.49,55506147,polygon,,0.09117716874496594,0.08057284134093251,0.07397168855174525,4.24
2026-01-26,SPY,690.49,694.13,689.92,692.73,60473813,polygon,,0.09023844545736727,0.08196408860982232,0.0736838272799471,4.22
2026-01-23,SPY,688.15,690.96,687.16,689.23,63059578,polygon,,0.09148389381442203,0.08091545312391107,0.07419255576971746,4.24
2026-01-22,SPY,689.85,691.125,686.92,688.98,77112243,polygon,,0.09147359543885944,0.08400758790426156,0.07422011320309509,4.26
2026-01-21,SPY,679.65,688.735,678.13,685.4,127844467,polygon,,0.09002920404986607,0.08266254935702774,0.07372708825808959,4.26
2026-01-20,SPY,681.49,684.77,676.57,677.58,111623277,polygon,,0.08251525822160555,0.07551800761267302,0.06986808609043545,4.3
2026-01-16,SPY,693.66,694.25,690.1,691.66,79289200,polygon,,0.04555301249180013,0.04611639773139507,0.05545419194321676,4.24
2026-01-15,SPY,694.57,695.45,691.25,692.24,77861974,polygon,,0.04543833423818515,0.0470915747194582,0.05581204006014729,4.17
2026-01-14,SPY,691.0,691.72,686.04,690.36,94676684,polygon,,0.052815002107423535,0.04823328664656634,0.05567671383738056,4.15
2026-01-13,SPY,695.49,696.09,691.35,693.77,78309726,polygon,,0.04972389601607096,0.04860889866580657,0.05554177939889818,4.18
2026-01-12,SPY,690.68,696.09,690.63,695.16,63976002,polygon,,0.050962981018263,0.050396444738788064,0.056341997593670694,4.19
2026-01-09,SPY,690.63,695.31,689.18,694.07,80125467,polygon,,0.050780797667217666,0.05390670220438401,0.05785351977716589,4.18
2026-01-08,SPY,688.82,690.615,687.49,689.51,64019200,polygon,,0.046910560116268936,0.06198035729793243,0.05936562204956639,4.19
2026-01-07,SPY,692.19,693.96,689.32,689.58,75588337,polygon,,0.04936446372186373,0.0626757764865565,0.0660044231250747,4.15
2026-01-06,SPY,687.93,692.315,687.78,691.81,69273827,polygon,,0.05157276533689377,0.061998676547025865,0.06807806168875465,4.18
2026-01-05,SPY,686.54,689.43,686.375,687.72,71927191,polygon,,0.05175400340137537,0.06793044117145686,0.07508004387807692,4.17
2026-01-02,SPY,685.71,686.87,679.82,683.17,89377203,polygon,,0.0530885645207092,0.06532946822986774,0.07434028444641583,4.19
2025-12-31,SPY,687.14,687.36,681.71,681.92,74144801,polygon,,0.06699134170740366,0.06804151171987674,0.07654179741929187,4.18
2025-12-30,SPY,687.445,688.555,686.58,687.01,47160671,polygon,,0.06202279091720325,0.06441512580371693,0.07747897623623633,4.14
2025-12-29,SPY,687.54,689.2,686.07,687.85,62559503,polygon,,0.06212858630442431,0.06495521653348324,0.07741643888134775,4.12
2025-12-26,SPY,690.64,691.66,689.27,690.31,41613347,polygon,,0.0722333375783012,0.06419583045648479,0.08465250715412387,4.14
2025-12-24,SPY,687.95,690.83,687.8,690.38,39445560,polygon,,0.07264472234689105,0.06419738028122893,0.08465429110484775,4.15
2025-12-23,SPY,683.92,688.2,683.87,687.96,64839951,polygon,,0.07517660363423444,0.06417392109671688,0.08448540585207645,4.18
2025-12-22,SPY,683.94,685.36,680.5868,684.83,69556733,polygon,,0.07367476167192102,0.0630869829631716,0.08971995126161508,4.17
2025-12-19,SPY,676.59,681.09,676.47,680.59,103599543,polygon,,0.07088332166948931,0.06192574237562118,0.08889505951494567,4.16
2025-12-18,SPY,677.6,680.74,674.9,676.47,108650128,polygon,,0.06750869384463949,0.06140285749653467,0.09087452839506585,4.12
2025-12-17,SPY,679.89,680.435,671.195,671.4,110625198,polygon,,0.06106140576945535,0.06072826746903629,0.08980780199984913,4.16
2025-12-16,SPY,679.23,681.08,674.98,678.87,122030631,polygon,,0.050310803149223045,0.057692978156760465,0.09027243919642425,4.15
2025-12-15,SPY,685.74,685.76,679.25,680.73,90810952,polygon,,0.04988885925553967,0.06985832489996505,0.09019394356580844,4.18
2025-12-12,SPY,688.17,688.88,679.1744,681.76,113160347,polygon,,0.05216110396568719,0.07390431999019226,0.09039186985415536,4.19
2025-12-11,SPY,685.14,689.25,682.165,689.17,86173678,polygon,,0.03885555776435003,0.0812767068012477,0.09052084147475416,4.14
2025-12-10,SPY,682.56,688.97,681.31,687.57,85671334,polygon,,0.04415663232945865,0.08156361926853781,0.09040115790398712,4.13
2025-12-09,SPY,683.15,685.385,682.59,683.04,58310055,polygon,,0.04937829305783869,0.08474039296404255,0.08952705486346169,4.18
2025-12-08,SPY,686.59,686.64,681.57,683.63,55231462,polygon,,0.06769012505712259,0.0896752724233421,0.0927034946362058,4.17
2025-12-05,SPY,685.47,688.39,684.58,685.69,79241045,polygon,,0.07097469533466473,0.08906415835505799,0.09388559002535654,4.14
2025-12-04,SPY,685.3,685.37,681.34,684.39,61970336,polygon,,0.09387451546485198,0.10222876016165505,0.09452803501108825,4.11
2025-12-03,SPY,680.57,684.91,679.69,683.89,57238481,polygon,,0.0941594008712204,0.10221989480778212,0.09522377311033482,4.06
2025-12-02,SPY,681.92,683.82,679.3275,681.53,62953844,polygon,,0.10016116689706571,0.10193621391616144,0.09499927674848982,4.09
2025-12-01,SPY,678.81,682.99,678.74,680.27,61201193,polygon,,0.10646302426667198,0.11130892953078836,0.09718055752116271,4.09
2025-11-28,SPY,680.86,683.665,680.5,683.39,49212030,polygon,,0.10485173531390395,0.11028530015780186,0.09720898290434343,4.02
2025-11-26,SPY,677.63,681.7,676.72,679.68,71879597,polygon,,0.1195789560918676,0.11411370638993443,0.0978310978127487,4.0
2025-11-25,SPY,668.63,676.21,664.48,675.02,81077088,polygon,,0.11679666374028418,0.11277137634441338,0.09726085387127696,4.01
2025-11-24,SPY,662.69,670.06,661.59,668.73,80437940,polygon,,0.11168343077982025,0.11426326590192495,0.09545971045153614,4.04
2025-11-21,SPY,655.05,664.55,650.85,659.03,123956203,polygon,,0.11323989321536844,0.10500013287245272,0.0958661382826731,4.06
2025-11-20,SPY,672.91,675.56,651.89,652.53,165293521,polygon,,0.1065710269987081,0.10059654957384576,0.10921007123562791,4.1
2025-11-19,SPY,660.78,667.34,658.745,662.63,94702955,polygon,,0.0999298947159303,0.0960683785337907,0.10485236990045377,4.13
2025-11-18,SPY,662.095,665.12,655.86,660.08,114467488,polygon,,0.0996933009946819,0.09501007288844032,0.10528937879350349,4.12
2025-11-17,SPY,669.7,673.71,662.17,665.67,90456105,polygon,,0.10359462374564811,0.09322956667413179,0.1041565481604197,4.13
2025-11-14,SPY,665.38,675.66,663.265,671.93,96846672,polygon,,0.09974820099721415,0.09670038657547284,0.1026331595232745,4.14
2025-11-13,SPY,680.5,680.86,670.52,672.04,103457788,polygon,,0.10069332976811454,0.09972149779091602,0.10263218042409238,4.11
2025-11-12,SPY,684.79,684.96,680.945,683.38,62312484,polygon,,0.0906162790039284,0.08752726313218644,0.09648634812375162,4.08
2025-11-11,SPY,679.95,683.57,678.73,683.0,58953385,polygon,,0.0906078366230203,0.08922928750411437,0.09668605322288709,4.13
2025-11-10,SPY,677.235,682.18,675.03,681.44,75842888,polygon,,0.09074727700513847,0.08909520077001419,0.09685480574164593,4.13
2025-11-07,SPY,667.91,671.08,661.205,670.97,100592443,polygon,,0.08315050493686381,0.08259471273098207,0.09179712598819753,4.11
2025-11-06,SPY,676.47,677.38,668.72,670.31,85035298,polygon,,0.08823724792239747,0.08401692889740749,0.09247231999218826,4.11
2025-11-05,SPY,674.98,680.86,674.17,677.58,74402376,polygon,,0.0814617646722726,0.08009766715134509,0.09014730615747665,4.17
2025-11-04,SPY,676.11,679.96,674.58,675.24,78426969,polygon,,0.0832691144182774,0.08044557005900439,0.09021609999791126,4.1
2025-11-03,SPY,685.67,685.8,679.94,683.34,57315025,polygon,,0.07052094021085016,0.07137994878524065,0.08740341880907693,4.13
2025-10-31,SPY,685.04,685.08,679.24,682.06,87164122,polygon,,0.07780769210445547,0.08242922222542412,,4.11
2025-10-30,SPY,683.9,685.94,679.83,679.83,76335751,polygon,,0.0790192523581593,0.1171570056472841,,4.11
2025-10-29,SPY,688.72,689.7,682.87,687.39,85362207,polygon,,0.07166255254265418,0.11249978908465423,,4.08
2025-10-28,SPY,687.05,688.905,684.83,687.06,61738073,polygon,,0.0722133326185365,0.11351756509300706,,3.99
2025-10-27,SPY,682.73,685.54,682.115,685.24,63339790,polygon,,0.07284977446191096,0.11415268637687057,,4.01
2025-10-24,SPY,676.46,678.47,675.65,677.25,74356527,polygon,,0.0796860234742551,0.10964692668306958,,4.02
2025-10-23,SPY,668.12,672.7101,667.8,671.76,65604461,polygon,,0.12558061753765215,0.10716307644785046,,4.01
2025-10-22,SPY,672.0,672.0,663.3,667.8,80564006,polygon,,0.1240924492491098,0.10580909450623967,,3.97
2025-10-21,SPY,671.44,672.99,669.981,671.29,56249034,polygon,,0.12463270574395577,0.10508747966848565,,3.98
2025-10-20,SPY,667.32,672.21,667.27,671.3,60493350,polygon,,0.12535274180293354,0.10557167053303207,,4.0
2025-10-17,SPY,659.5,665.755,658.14,664.39,96500870,polygon,,0.12039374561115598,0.10157232084165942,,4.02
2025-10-16,SPY,666.82,668.71,657.11,660.64,110563346,polygon,,0.11841628808086817,0.10159724327399995,,3.99
2025-10-15,SPY,666.82,670.23,658.93,665.17,81702555,polygon,,0.11634479331661143,0.10047677544942624,,4.05
2025-10-14,SPY,657.17,665.83,653.17,662.23,88779560,polygon,,0.11587910735191707,0.10011785417907472,,4.03
2025-10-13,SPY,660.65,665.13,659.7679,663.04,79560517,polygon,,0.1166529732585027,0.10129501323090678,,4.05
2025-10-10,SPY,672.13,673.95,652.84,653.02,159422589,polygon,,0.10333700637336032,,,4.05
2025-10-09,SPY,673.53,673.94,669.21,671.16,66501941,polygon,,0.03878559384396996,,,4.14
2025-10-08,SPY,670.25,673.2056,669.42,673.11,60702241,polygon,,0.04131225064224966,,,4.13
2025-10-07,SPY,672.54,672.99,667.67,669.12,72020067,polygon,,0.039198536145305794,,,4.14
2025-10-06,SPY,671.62,672.51,669.455,671.61,54623260,polygon,,0.04189083458936477,,,4.18
2025-10-03,SPY,669.99,672.675,668.16,669.21,70494350,polygon,,,,,4.13
2025-10-02,SPY,670.45,670.565,666.78,669.22,56895993,polygon,,,,,4.1
2025-10-01,SPY,663.17,669.37,663.06,668.45,72545369,polygon,,,,,4.12
2025-09-30,SPY,662.93,666.65,661.61,666.18,86288028,polygon,,,,,4.16
2025-09-29,SPY,664.36,665.28,661.86,663.68,73499015,polygon,,,,,4.15
2025-09-26,SPY,659.51,662.37,657.88,661.82,69179209,polygon,,,,,4.2
2025-09-25,SPY,657.94,659.4056,654.405,658.05,89622067,polygon,,,,,4.18
2025-09-24,SPY,664.51,664.61,659.67,661.1,68082229,polygon,,,,,4.16
2025-09-23,SPY,666.72,667.34,661.98,663.21,81708872,polygon,,,,,4.12
2025-09-22,SPY,662.2,667.29,662.17,666.84,69452201,polygon,,,,,4.15
